Name,Size,SKU
Knock Out Rose,3 Gal,10-2847
Knock Out Rose,5 Gal,10-2848
Knock Out Rose,7 Gal,10-2849
English Lavender,1 Gal,10-1193
English Lavender,3 Gal,10-1194
Blue Spruce,5 Gal,20-0447
Blue Spruce,15 Gal,20-0448
Japanese Maple,7 Gal,20-0892
Japanese Maple,15 Gal,20-0893
Black-Eyed Susan,1 Qt,10-3301
Black-Eyed Susan,1 Gal,10-3302
Endless Summer Hydrangea,3 Gal,10-4471
Endless Summer Hydrangea,5 Gal,10-4472
Arborvitae Emerald Green,3 Gal,30-1101
Arborvitae Emerald Green,5 Gal,30-1102
Arborvitae Emerald Green,6 ft B&B,30-1103
Boxwood Winter Gem,2 Gal,30-2204
Boxwood Winter Gem,3 Gal,30-2205
Karl Foerster Grass,1 Gal,10-5519
Karl Foerster Grass,3 Gal,10-5520
